[{"model": "admin.logentry", "pk": 1, "fields": {"action_time": "2021-01-12T08:51:33.518Z", "user": 1, "content_type": 8, "object_id": "1", "object_repr": "TShirt 1", "action_flag": 1, "change_message": "[{\"added\": {}}]"}}, {"model": "admin.logentry", "pk": 2, "fields": {"action_time": "2021-01-12T08:52:17.764Z", "user": 1, "content_type": 8, "object_id": "2", "object_repr": "Tshirt 2", "action_flag": 1, "change_message": "[{\"added\": {}}]"}}, {"model": "admin.logentry", "pk": 3, "fields": {"action_time": "2021-01-12T08:53:22.690Z", "user": 1, "content_type": 8, "object_id": "3", "object_repr": "TShirt 3", "action_flag": 1, "change_message": "[{\"added\": {}}]"}}, {"model": "admin.logentry", "pk": 4, "fields": {"action_time": "2021-01-12T08:53:53.387Z", "user": 1, "content_type": 8, "object_id": "4", "object_repr": "T Shirt 4", "action_flag": 1, "change_message": "[{\"added\": {}}]"}}, {"model": "admin.logentry", "pk": 5, "fields": {"action_time": "2021-01-12T08:54:23.401Z", "user": 1, "content_type": 8, "object_id": "5", "object_repr": "TShirt 5", "action_flag": 1, "change_message": "[{\"added\": {}}]"}}, {"model": "admin.logentry", "pk": 6, "fields": {"action_time": "2021-01-12T08:54:51.363Z", "user": 1, "content_type": 8, "object_id": "6", "object_repr": "TShirt 6", "action_flag": 1, "change_message": "[{\"added\": {}}]"}}, {"model": "admin.logentry", "pk": 7, "fields": {"action_time": "2021-01-12T08:55:29.006Z", "user": 1, "content_type": 8, "object_id": "7", "object_repr": "T Shirt 7", "action_flag": 1, "change_message": "[{\"added\": {}}]"}}, {"model": "admin.logentry", "pk": 8, "fields": {"action_time": "2021-01-12T08:55:58.504Z", "user": 1, "content_type": 8, "object_id": "8", "object_repr": "Girl Top", "action_flag": 1, "change_message": "[{\"added\": {}}]"}}, {"model": "admin.logentry", "pk": 9, "fields": {"action_time": "2021-01-12T08:56:51.455Z", "user": 1, "content_type": 8, "object_id": "9", "object_repr": "Jeans 1", "action_flag": 1, "change_message": "[{\"added\": {}}]"}}, {"model": "admin.logentry", "pk": 10, "fields": {"action_time": "2021-01-12T08:57:20.068Z", "user": 1, "content_type": 8, "object_id": "10", "object_repr": "Jeans 2", "action_flag": 1, "change_message": "[{\"added\": {}}]"}}, {"model": "admin.logentry", "pk": 11, "fields": {"action_time": "2021-01-12T08:57:50.974Z", "user": 1, "content_type": 8, "object_id": "11", "object_repr": "Jeans 3", "action_flag": 1, "change_message": "[{\"added\": {}}]"}}, {"model": "admin.logentry", "pk": 12, "fields": {"action_time": "2021-01-12T08:59:06.532Z", "user": 1, "content_type": 8, "object_id": "12", "object_repr": "Jeans 4", "action_flag": 1, "change_message": "[{\"added\": {}}]"}}, {"model": "admin.logentry", "pk": 13, "fields": {"action_time": "2021-01-12T08:59:27.636Z", "user": 1, "content_type": 8, "object_id": "13", "object_repr": "Jeans 5", "action_flag": 1, "change_message": "[{\"added\": {}}]"}}, {"model": "admin.logentry", "pk": 14, "fields": {"action_time": "2021-01-12T08:59:50.615Z", "user": 1, "content_type": 8, "object_id": "14", "object_repr": "Jeans 6", "action_flag": 1, "change_message": "[{\"added\": {}}]"}}, {"model": "admin.logentry", "pk": 15, "fields": {"action_time": "2021-01-12T09:00:34.036Z", "user": 1, "content_type": 8, "object_id": "15", "object_repr": "Redmi Pro 2", "action_flag": 1, "change_message": "[{\"added\": {}}]"}}, {"model": "admin.logentry", "pk": 16, "fields": {"action_time": "2021-01-12T09:01:05.932Z", "user": 1, "content_type": 8, "object_id": "16", "object_repr": "Redmi Pro 3", "action_flag": 1, "change_message": "[{\"added\": {}}]"}}, {"model": "admin.logentry", "pk": 17, "fields": {"action_time": "2021-01-12T09:01:50.709Z", "user": 1, "content_type": 8, "object_id": "17", "object_repr": "Samsung NT 2", "action_flag": 1, "change_message": "[{\"added\": {}}]"}}, {"model": "admin.logentry", "pk": 18, "fields": {"action_time": "2021-01-12T09:02:34.098Z", "user": 1, "content_type": 8, "object_id": "18", "object_repr": "Samsung Pro 4", "action_flag": 1, "change_message": "[{\"added\": {}}]"}}, {"model": "admin.logentry", "pk": 19, "fields": {"action_time": "2021-01-12T09:03:05.588Z", "user": 1, "content_type": 8, "object_id": "19", "object_repr": "Redmi 7", "action_flag": 1, "change_message": "[{\"added\": {}}]"}}, {"model": "admin.logentry", "pk": 20, "fields": {"action_time": "2021-01-12T09:03:33.580Z", "user": 1, "content_type": 8, "object_id": "20", "object_repr": "Redmi 9", "action_flag": 1, "change_message": "[{\"added\": {}}]"}}, {"model": "admin.logentry", "pk": 21, "fields": {"action_time": "2021-01-12T09:04:02.423Z", "user": 1, "content_type": 8, "object_id": "21", "object_repr": "Samsung J 2", "action_flag": 1, "change_message": "[{\"added\": {}}]"}}, {"model": "admin.logentry", "pk": 22, "fields": {"action_time": "2021-01-12T10:38:42.527Z", "user": 1, "content_type": 4, "object_id": "1", "object_repr": "admin", "action_flag": 2, "change_message": "[{\"changed\": {\"fields\": [\"First name\", \"Last name\"]}}]"}}, {"model": "admin.logentry", "pk": 23, "fields": {"action_time": "2021-01-12T10:39:10.118Z", "user": 1, "content_type": 10, "object_id": "1", "object_repr": "admin", "action_flag": 1, "change_message": "[{\"added\": {}}]"}}, {"model": "admin.logentry", "pk": 24, "fields": {"action_time": "2021-01-13T08:24:36.466Z", "user": 1, "content_type": 10, "object_id": "2", "object_repr": "sonam", "action_flag": 1, "change_message": "[{\"added\": {}}]"}}, {"model": "admin.logentry", "pk": 25, "fields": {"action_time": "2021-01-13T08:44:38.385Z", "user": 1, "content_type": 10, "object_id": "1", "object_repr": "admin", "action_flag": 2, "change_message": "[{\"changed\": {\"fields\": [\"Name\"]}}]"}}, {"model": "admin.logentry", "pk": 26, "fields": {"action_time": "2021-01-16T09:15:10.815Z", "user": 1, "content_type": 7, "object_id": "9", "object_repr": "Cart object (9)", "action_flag": 3, "change_message": ""}}, {"model": "admin.logentry", "pk": 27, "fields": {"action_time": "2021-01-16T09:15:10.818Z", "user": 1, "content_type": 7, "object_id": "8", "object_repr": "Cart object (8)", "action_flag": 3, "change_message": ""}}, {"model": "admin.logentry", "pk": 28, "fields": {"action_time": "2021-01-16T09:15:10.821Z", "user": 1, "content_type": 7, "object_id": "1", "object_repr": "Cart object (1)", "action_flag": 3, "change_message": ""}}, {"model": "admin.logentry", "pk": 29, "fields": {"action_time": "2021-01-16T16:00:00.577Z", "user": 1, "content_type": 7, "object_id": "3", "object_repr": "Cart object (3)", "action_flag": 3, "change_message": ""}}, {"model": "admin.logentry", "pk": 30, "fields": {"action_time": "2021-01-17T06:53:29.371Z", "user": 1, "content_type": 7, "object_id": "26", "object_repr": "Cart object (26)", "action_flag": 3, "change_message": ""}}, {"model": "admin.logentry", "pk": 31, "fields": {"action_time": "2021-01-17T06:53:29.375Z", "user": 1, "content_type": 7, "object_id": "25", "object_repr": "Cart object (25)", "action_flag": 3, "change_message": ""}}, {"model": "admin.logentry", "pk": 32, "fields": {"action_time": "2021-01-17T06:53:29.377Z", "user": 1, "content_type": 7, "object_id": "23", "object_repr": "Cart object (23)", "action_flag": 3, "change_message": ""}}, {"model": "admin.logentry", "pk": 33, "fields": {"action_time": "2021-01-17T07:21:47.024Z", "user": 1, "content_type": 7, "object_id": "30", "object_repr": "Cart object (30)", "action_flag": 3, "change_message": ""}}, {"model": "admin.logentry", "pk": 34, "fields": {"action_time": "2021-01-17T07:21:47.029Z", "user": 1, "content_type": 7, "object_id": "19", "object_repr": "Cart object (19)", "action_flag": 3, "change_message": ""}}, {"model": "admin.logentry", "pk": 35, "fields": {"action_time": "2021-01-17T08:31:25.878Z", "user": 1, "content_type": 7, "object_id": "34", "object_repr": "Cart object (34)", "action_flag": 3, "change_message": ""}}, {"model": "admin.logentry", "pk": 36, "fields": {"action_time": "2021-01-18T06:04:56.300Z", "user": 1, "content_type": 9, "object_id": "1", "object_repr": "OrderPlaced object (1)", "action_flag": 3, "change_message": ""}}, {"model": "admin.logentry", "pk": 37, "fields": {"action_time": "2021-01-18T09:11:33.005Z", "user": 1, "content_type": 9, "object_id": "9", "object_repr": "OrderPlaced object (9)", "action_flag": 3, "change_message": ""}}, {"model": "admin.logentry", "pk": 38, "fields": {"action_time": "2021-01-18T09:11:33.008Z", "user": 1, "content_type": 9, "object_id": "8", "object_repr": "OrderPlaced object (8)", "action_flag": 3, "change_message": ""}}, {"model": "admin.logentry", "pk": 39, "fields": {"action_time": "2021-01-18T09:11:33.012Z", "user": 1, "content_type": 9, "object_id": "7", "object_repr": "OrderPlaced object (7)", "action_flag": 3, "change_message": ""}}, {"model": "admin.logentry", "pk": 40, "fields": {"action_time": "2021-01-18T10:54:01.481Z", "user": 1, "content_type": 9, "object_id": "10", "object_repr": "OrderPlaced object (10)", "action_flag": 2, "change_message": "[{\"changed\": {\"fields\": [\"Status\"]}}]"}}, {"model": "admin.logentry", "pk": 41, "fields": {"action_time": "2021-01-18T10:59:19.707Z", "user": 1, "content_type": 9, "object_id": "18", "object_repr": "OrderPlaced object (18)", "action_flag": 3, "change_message": ""}}, {"model": "admin.logentry", "pk": 42, "fields": {"action_time": "2021-01-18T10:59:19.712Z", "user": 1, "content_type": 9, "object_id": "17", "object_repr": "OrderPlaced object (17)", "action_flag": 3, "change_message": ""}}, {"model": "admin.logentry", "pk": 43, "fields": {"action_time": "2021-01-18T10:59:19.714Z", "user": 1, "content_type": 9, "object_id": "16", "object_repr": "OrderPlaced object (16)", "action_flag": 3, "change_message": ""}}, {"model": "admin.logentry", "pk": 44, "fields": {"action_time": "2021-01-18T10:59:19.717Z", "user": 1, "content_type": 9, "object_id": "15", "object_repr": "OrderPlaced object (15)", "action_flag": 3, "change_message": ""}}, {"model": "admin.logentry", "pk": 45, "fields": {"action_time": "2021-01-18T10:59:19.719Z", "user": 1, "content_type": 9, "object_id": "14", "object_repr": "OrderPlaced object (14)", "action_flag": 3, "change_message": ""}}, {"model": "admin.logentry", "pk": 46, "fields": {"action_time": "2021-01-18T10:59:19.722Z", "user": 1, "content_type": 9, "object_id": "13", "object_repr": "OrderPlaced object (13)", "action_flag": 3, "change_message": ""}}, {"model": "admin.logentry", "pk": 47, "fields": {"action_time": "2021-01-18T10:59:19.726Z", "user": 1, "content_type": 9, "object_id": "12", "object_repr": "OrderPlaced object (12)", "action_flag": 3, "change_message": ""}}, {"model": "admin.logentry", "pk": 48, "fields": {"action_time": "2021-01-18T10:59:19.729Z", "user": 1, "content_type": 9, "object_id": "11", "object_repr": "OrderPlaced object (11)", "action_flag": 3, "change_message": ""}}, {"model": "admin.logentry", "pk": 49, "fields": {"action_time": "2021-01-18T10:59:19.731Z", "user": 1, "content_type": 9, "object_id": "10", "object_repr": "OrderPlaced object (10)", "action_flag": 3, "change_message": ""}}, {"model": "admin.logentry", "pk": 50, "fields": {"action_time": "2021-01-18T11:01:26.907Z", "user": 1, "content_type": 9, "object_id": "20", "object_repr": "OrderPlaced object (20)", "action_flag": 3, "change_message": ""}}, {"model": "admin.logentry", "pk": 51, "fields": {"action_time": "2021-01-18T11:01:26.910Z", "user": 1, "content_type": 9, "object_id": "19", "object_repr": "OrderPlaced object (19)", "action_flag": 3, "change_message": ""}}, {"model": "admin.logentry", "pk": 52, "fields": {"action_time": "2021-01-18T11:02:34.864Z", "user": 1, "content_type": 9, "object_id": "22", "object_repr": "OrderPlaced object (22)", "action_flag": 3, "change_message": ""}}, {"model": "admin.logentry", "pk": 53, "fields": {"action_time": "2021-01-18T11:02:34.868Z", "user": 1, "content_type": 9, "object_id": "21", "object_repr": "OrderPlaced object (21)", "action_flag": 3, "change_message": ""}}, {"model": "admin.logentry", "pk": 54, "fields": {"action_time": "2021-01-18T11:03:28.771Z", "user": 1, "content_type": 9, "object_id": "25", "object_repr": "OrderPlaced object (25)", "action_flag": 3, "change_message": ""}}, {"model": "admin.logentry", "pk": 55, "fields": {"action_time": "2021-01-18T11:03:28.775Z", "user": 1, "content_type": 9, "object_id": "24", "object_repr": "OrderPlaced object (24)", "action_flag": 3, "change_message": ""}}, {"model": "admin.logentry", "pk": 56, "fields": {"action_time": "2021-01-18T11:03:28.778Z", "user": 1, "content_type": 9, "object_id": "23", "object_repr": "OrderPlaced object (23)", "action_flag": 3, "change_message": ""}}, {"model": "admin.logentry", "pk": 57, "fields": {"action_time": "2021-01-18T12:40:36.487Z", "user": 1, "content_type": 9, "object_id": "32", "object_repr": "OrderPlaced object (32)", "action_flag": 3, "change_message": ""}}, {"model": "admin.logentry", "pk": 58, "fields": {"action_time": "2021-01-18T12:40:36.491Z", "user": 1, "content_type": 9, "object_id": "31", "object_repr": "OrderPlaced object (31)", "action_flag": 3, "change_message": ""}}, {"model": "admin.logentry", "pk": 59, "fields": {"action_time": "2021-01-18T12:40:36.493Z", "user": 1, "content_type": 9, "object_id": "30", "object_repr": "OrderPlaced object (30)", "action_flag": 3, "change_message": ""}}, {"model": "admin.logentry", "pk": 60, "fields": {"action_time": "2021-01-18T12:40:36.497Z", "user": 1, "content_type": 9, "object_id": "29", "object_repr": "OrderPlaced object (29)", "action_flag": 3, "change_message": ""}}, {"model": "admin.logentry", "pk": 61, "fields": {"action_time": "2021-01-18T12:40:36.499Z", "user": 1, "content_type": 9, "object_id": "28", "object_repr": "OrderPlaced object (28)", "action_flag": 3, "change_message": ""}}, {"model": "admin.logentry", "pk": 62, "fields": {"action_time": "2021-01-18T12:40:36.502Z", "user": 1, "content_type": 9, "object_id": "27", "object_repr": "OrderPlaced object (27)", "action_flag": 3, "change_message": ""}}, {"model": "admin.logentry", "pk": 63, "fields": {"action_time": "2021-01-18T12:40:36.504Z", "user": 1, "content_type": 9, "object_id": "26", "object_repr": "OrderPlaced object (26)", "action_flag": 3, "change_message": ""}}, {"model": "admin.logentry", "pk": 64, "fields": {"action_time": "2021-01-18T12:57:59.753Z", "user": 1, "content_type": 9, "object_id": "34", "object_repr": "OrderPlaced object (34)", "action_flag": 2, "change_message": "[{\"changed\": {\"fields\": [\"Status\"]}}]"}}, {"model": "admin.logentry", "pk": 65, "fields": {"action_time": "2021-01-18T12:58:15.589Z", "user": 1, "content_type": 9, "object_id": "33", "object_repr": "OrderPlaced object (33)", "action_flag": 2, "change_message": "[{\"changed\": {\"fields\": [\"Status\"]}}]"}}, {"model": "admin.logentry", "pk": 66, "fields": {"action_time": "2021-01-18T12:58:30.859Z", "user": 1, "content_type": 9, "object_id": "34", "object_repr": "OrderPlaced object (34)", "action_flag": 2, "change_message": "[{\"changed\": {\"fields\": [\"Status\"]}}]"}}, {"model": "admin.logentry", "pk": 67, "fields": {"action_time": "2021-01-18T13:13:22.590Z", "user": 1, "content_type": 9, "object_id": "34", "object_repr": "OrderPlaced object (34)", "action_flag": 2, "change_message": "[{\"changed\": {\"fields\": [\"Status\"]}}]"}}, {"model": "admin.logentry", "pk": 68, "fields": {"action_time": "2021-01-18T13:13:41.533Z", "user": 1, "content_type": 9, "object_id": "34", "object_repr": "OrderPlaced object (34)", "action_flag": 2, "change_message": "[{\"changed\": {\"fields\": [\"Status\"]}}]"}}, {"model": "admin.logentry", "pk": 69, "fields": {"action_time": "2021-01-18T13:17:48.949Z", "user": 1, "content_type": 9, "object_id": "34", "object_repr": "OrderPlaced object (34)", "action_flag": 2, "change_message": "[{\"changed\": {\"fields\": [\"Status\"]}}]"}}, {"model": "admin.logentry", "pk": 70, "fields": {"action_time": "2021-01-18T13:18:00.186Z", "user": 1, "content_type": 9, "object_id": "34", "object_repr": "OrderPlaced object (34)", "action_flag": 2, "change_message": "[{\"changed\": {\"fields\": [\"Status\"]}}]"}}, {"model": "admin.logentry", "pk": 71, "fields": {"action_time": "2021-01-18T13:19:15.116Z", "user": 1, "content_type": 9, "object_id": "34", "object_repr": "OrderPlaced object (34)", "action_flag": 2, "change_message": "[{\"changed\": {\"fields\": [\"Status\"]}}]"}}, {"model": "admin.logentry", "pk": 72, "fields": {"action_time": "2021-01-18T13:19:24.470Z", "user": 1, "content_type": 9, "object_id": "34", "object_repr": "OrderPlaced object (34)", "action_flag": 2, "change_message": "[{\"changed\": {\"fields\": [\"Status\"]}}]"}}, {"model": "admin.logentry", "pk": 73, "fields": {"action_time": "2021-01-18T13:19:33.517Z", "user": 1, "content_type": 9, "object_id": "34", "object_repr": "OrderPlaced object (34)", "action_flag": 2, "change_message": "[{\"changed\": {\"fields\": [\"Status\"]}}]"}}, {"model": "admin.logentry", "pk": 74, "fields": {"action_time": "2021-01-18T13:19:47.093Z", "user": 1, "content_type": 9, "object_id": "34", "object_repr": "OrderPlaced object (34)", "action_flag": 2, "change_message": "[{\"changed\": {\"fields\": [\"Status\"]}}]"}}, {"model": "admin.logentry", "pk": 75, "fields": {"action_time": "2021-01-18T13:28:44.270Z", "user": 1, "content_type": 9, "object_id": "34", "object_repr": "OrderPlaced object (34)", "action_flag": 2, "change_message": "[{\"changed\": {\"fields\": [\"Status\"]}}]"}}, {"model": "admin.logentry", "pk": 76, "fields": {"action_time": "2021-01-18T13:28:56.452Z", "user": 1, "content_type": 9, "object_id": "34", "object_repr": "OrderPlaced object (34)", "action_flag": 2, "change_message": "[{\"changed\": {\"fields\": [\"Status\"]}}]"}}, {"model": "admin.logentry", "pk": 77, "fields": {"action_time": "2021-01-18T13:29:33.201Z", "user": 1, "content_type": 9, "object_id": "34", "object_repr": "OrderPlaced object (34)", "action_flag": 2, "change_message": "[{\"changed\": {\"fields\": [\"Status\"]}}]"}}, {"model": "admin.logentry", "pk": 78, "fields": {"action_time": "2021-01-18T13:29:48.415Z", "user": 1, "content_type": 9, "object_id": "34", "object_repr": "OrderPlaced object (34)", "action_flag": 2, "change_message": "[{\"changed\": {\"fields\": [\"Status\"]}}]"}}, {"model": "admin.logentry", "pk": 79, "fields": {"action_time": "2021-01-18T13:29:57.268Z", "user": 1, "content_type": 9, "object_id": "34", "object_repr": "OrderPlaced object (34)", "action_flag": 2, "change_message": "[{\"changed\": {\"fields\": [\"Status\"]}}]"}}, {"model": "admin.logentry", "pk": 80, "fields": {"action_time": "2021-01-18T13:30:07.473Z", "user": 1, "content_type": 9, "object_id": "34", "object_repr": "OrderPlaced object (34)", "action_flag": 2, "change_message": "[{\"changed\": {\"fields\": [\"Status\"]}}]"}}, {"model": "auth.permission", "pk": 1, "fields": {"name": "Can add log entry", "content_type": 1, "codename": "add_logentry"}}, {"model": "auth.permission", "pk": 2, "fields": {"name": "Can change log entry", "content_type": 1, "codename": "change_logentry"}}, {"model": "auth.permission", "pk": 3, "fields": {"name": "Can delete log entry", "content_type": 1, "codename": "delete_logentry"}}, {"model": "auth.permission", "pk": 4, "fields": {"name": "Can view log entry", "content_type": 1, "codename": "view_logentry"}}, {"model": "auth.permission", "pk": 5, "fields": {"name": "Can add permission", "content_type": 2, "codename": "add_permission"}}, {"model": "auth.permission", "pk": 6, "fields": {"name": "Can change permission", "content_type": 2, "codename": "change_permission"}}, {"model": "auth.permission", "pk": 7, "fields": {"name": "Can delete permission", "content_type": 2, "codename": "delete_permission"}}, {"model": "auth.permission", "pk": 8, "fields": {"name": "Can view permission", "content_type": 2, "codename": "view_permission"}}, {"model": "auth.permission", "pk": 9, "fields": {"name": "Can add group", "content_type": 3, "codename": "add_group"}}, {"model": "auth.permission", "pk": 10, "fields": {"name": "Can change group", "content_type": 3, "codename": "change_group"}}, {"model": "auth.permission", "pk": 11, "fields": {"name": "Can delete group", "content_type": 3, "codename": "delete_group"}}, {"model": "auth.permission", "pk": 12, "fields": {"name": "Can view group", "content_type": 3, "codename": "view_group"}}, {"model": "auth.permission", "pk": 13, "fields": {"name": "Can add user", "content_type": 4, "codename": "add_user"}}, {"model": "auth.permission", "pk": 14, "fields": {"name": "Can change user", "content_type": 4, "codename": "change_user"}}, {"model": "auth.permission", "pk": 15, "fields": {"name": "Can delete user", "content_type": 4, "codename": "delete_user"}}, {"model": "auth.permission", "pk": 16, "fields": {"name": "Can view user", "content_type": 4, "codename": "view_user"}}, {"model": "auth.permission", "pk": 17, "fields": {"name": "Can add content type", "content_type": 5, "codename": "add_contenttype"}}, {"model": "auth.permission", "pk": 18, "fields": {"name": "Can change content type", "content_type": 5, "codename": "change_contenttype"}}, {"model": "auth.permission", "pk": 19, "fields": {"name": "Can delete content type", "content_type": 5, "codename": "delete_contenttype"}}, {"model": "auth.permission", "pk": 20, "fields": {"name": "Can view content type", "content_type": 5, "codename": "view_contenttype"}}, {"model": "auth.permission", "pk": 21, "fields": {"name": "Can add session", "content_type": 6, "codename": "add_session"}}, {"model": "auth.permission", "pk": 22, "fields": {"name": "Can change session", "content_type": 6, "codename": "change_session"}}, {"model": "auth.permission", "pk": 23, "fields": {"name": "Can delete session", "content_type": 6, "codename": "delete_session"}}, {"model": "auth.permission", "pk": 24, "fields": {"name": "Can view session", "content_type": 6, "codename": "view_session"}}, {"model": "auth.permission", "pk": 25, "fields": {"name": "Can add cart", "content_type": 7, "codename": "add_cart"}}, {"model": "auth.permission", "pk": 26, "fields": {"name": "Can change cart", "content_type": 7, "codename": "change_cart"}}, {"model": "auth.permission", "pk": 27, "fields": {"name": "Can delete cart", "content_type": 7, "codename": "delete_cart"}}, {"model": "auth.permission", "pk": 28, "fields": {"name": "Can view cart", "content_type": 7, "codename": "view_cart"}}, {"model": "auth.permission", "pk": 29, "fields": {"name": "Can add product", "content_type": 8, "codename": "add_product"}}, {"model": "auth.permission", "pk": 30, "fields": {"name": "Can change product", "content_type": 8, "codename": "change_product"}}, {"model": "auth.permission", "pk": 31, "fields": {"name": "Can delete product", "content_type": 8, "codename": "delete_product"}}, {"model": "auth.permission", "pk": 32, "fields": {"name": "Can view product", "content_type": 8, "codename": "view_product"}}, {"model": "auth.permission", "pk": 33, "fields": {"name": "Can add order placed", "content_type": 9, "codename": "add_orderplaced"}}, {"model": "auth.permission", "pk": 34, "fields": {"name": "Can change order placed", "content_type": 9, "codename": "change_orderplaced"}}, {"model": "auth.permission", "pk": 35, "fields": {"name": "Can delete order placed", "content_type": 9, "codename": "delete_orderplaced"}}, {"model": "auth.permission", "pk": 36, "fields": {"name": "Can view order placed", "content_type": 9, "codename": "view_orderplaced"}}, {"model": "auth.permission", "pk": 37, "fields": {"name": "Can add customer", "content_type": 10, "codename": "add_customer"}}, {"model": "auth.permission", "pk": 38, "fields": {"name": "Can change customer", "content_type": 10, "codename": "change_customer"}}, {"model": "auth.permission", "pk": 39, "fields": {"name": "Can delete customer", "content_type": 10, "codename": "delete_customer"}}, {"model": "auth.permission", "pk": 40, "fields": {"name": "Can view customer", "content_type": 10, "codename": "view_customer"}}, {"model": "auth.user", "pk": 1, "fields": {"password": "pbkdf2_sha256$216000$fWmPWTkRMsjI$pAgbVCZ9GC4IrsWNSWNnZd4x2SqKIpKqvB2mBJzdteA=", "last_login": "2021-01-19T15:27:12.744Z", "is_superuser": true, "username": "admin", "first_name": "Admin", "last_name": "Kumar", "email": "admin@gmail.com", "is_staff": true, "is_active": true, "date_joined": "2021-01-12T08:08:19Z", "groups": [], "user_permissions": []}}, {"model": "auth.user", "pk": 2, "fields": {"password": "pbkdf2_sha256$216000$kGXDnAnKgoEn$bWWsCViKmnVVAJxahjbkdhMSu594Ia3P+yTDqzk5AzM=", "last_login": "2021-01-13T14:42:33.852Z", "is_superuser": false, "username": "sonam", "first_name": "", "last_name": "", "email": "sonam@gmail.com", "is_staff": false, "is_active": true, "date_joined": "2021-01-12T15:56:46.042Z", "groups": [], "user_permissions": []}}, {"model": "auth.user", "pk": 3, "fields": {"password": "pbkdf2_sha256$216000$Rp1wTWSZylQP$DXVeMFB3UaxuC96FqcO1jljHExckLuFSghdmSXqBYeI=", "last_login": "2021-01-19T09:15:12.810Z", "is_superuser": false, "username": "sahil", "first_name": "Sahil", "last_name": "", "email": "sahil@gmail.com", "is_staff": false, "is_active": true, "date_joined": "2021-01-13T08:34:24.454Z", "groups": [], "user_permissions": []}}, {"model": "auth.user", "pk": 4, "fields": {"password": "pbkdf2_sha256$216000$xAu01EQ0Hbn4$/kkK1StwAuICWpdFb1DhbmZLhA+VwbyiB9OgYywV0OQ=", "last_login": "2021-01-13T10:35:35.085Z", "is_superuser": false, "username": "rose", "first_name": "", "last_name": "", "email": "rose@gmail.com", "is_staff": false, "is_active": true, "date_joined": "2021-01-13T10:18:24.099Z", "groups": [], "user_permissions": []}}, {"model": "auth.user", "pk": 5, "fields": {"password": "pbkdf2_sha256$216000$aCibukSpsSYW$xNDhy4Dgun3/ukObjSsWzBU4Y8qDHV9xH6yjWtjTT+4=", "last_login": "2021-01-19T05:05:24.652Z", "is_superuser": false, "username": "jiya", "first_name": "", "last_name": "", "email": "jiya@gmail.com", "is_staff": false, "is_active": true, "date_joined": "2021-01-19T05:03:19.609Z", "groups": [], "user_permissions": []}}, {"model": "auth.user", "pk": 6, "fields": {"password": "pbkdf2_sha256$216000$pB1NSnEHjoWK$X69ROJT7ynVZZKdADtmcZ2WSxfbkXOT8+ZI5vDjDdKc=", "last_login": "2021-01-29T06:19:18.308Z", "is_superuser": false, "username": "demo", "first_name": "", "last_name": "", "email": "demo@gmail.com", "is_staff": false, "is_active": true, "date_joined": "2021-01-29T06:03:23.044Z", "groups": [], "user_permissions": []}}, {"model": "sessions.session", "pk": "d09m16uy7wgxmavu8qksdxk6rit705l3", "fields": {"session_data": ".eJxVjMsOwiAQRf-FtSFDYUpx6d5vaGYYkKqBpI-V8d-1SRe6veec-1IjbWsZtyXN4yTqrHp1-t2Y4iPVHcid6q3p2Oo6T6x3RR900dcm6Xk53L-DQkv51iYIItsMBlhcNOiJu5gBgxtMQGbps0eMZG2XLOUUDDkB8AzC4Ab1_gDj6Tfq:1l5MsU:ryNYI2KOEZ_JPrAh-sQLGKMcrHluNgsyrJoIPxslGX0", "expire_date": "2021-02-12T06:03:30.987Z"}}, {"model": "sessions.session", "pk": "ed9ba0h5tq30d4fh6gtvk8nvuj0fpowl", "fields": {"session_data": ".eJxVjEEOwiAQRe_CuiFDpy3g0r1nIAMMUjWQlHZlvLs26cJu_3vvv4Wjbc1ua7y4OYqLQNH9b57Ck8sO4oPKvcpQy7rMXu6KPGiTtxr5dT3c00Gmln81UUKtwCjPkVCj7Zk0YwTD2nhlYQIYTM8AqMEnNoOaRhuSSqNl4iA-X91uN80:1l0QHx:HvfzRDH_nKnsr36_YZInkUrzF0GdkYIjKKrFyy60h0w", "expire_date": "2021-01-29T14:41:21.193Z"}}, {"model": "sessions.session", "pk": "pb24y6zpg1xi4cmiqykzjhwppos2wrim", "fields": {"session_data": ".eJxVjEEOwiAQRe_CuiFDpy3g0r1nIAMMUjWQlHZlvLs26cJu_3vvv4Wjbc1ua7y4OYqLQNH9b57Ck8sO4oPKvcpQy7rMXu6KPGiTtxr5dT3c00Gmln81UUKtwCjPkVCj7Zk0YwTD2nhlYQIYTM8AqMEnNoOaRhuSSqNl4iA-X91uN80:1l1PqK:ahp2vSXNfZ6wT6ygTbJMimauo1H9JlB7giVOpkIJOlc", "expire_date": "2021-02-01T08:24:56.098Z"}}, {"model": "sessions.session", "pk": "qan7ndw52sy515rb5h8gl6n2y9gqhf86", "fields": {"session_data": ".eJxVjDsOwjAQBe_iGlmOvwklPWewdu1dHEC2FCcV4u4QKQW0b2beS0TY1hK3TkucsziLQZx-N4T0oLqDfId6azK1ui4zyl2RB-3y2jI9L4f7d1Cgl28NaCmB5skaSoqC88SAI2utPFhrdVA5DClzYMNOjWjBs-NgfEajJy_eHwc-OGQ:1l1NBI:-BzxKV0bSiOOZYz5Nr_OTuSlm98kdJHbG_AYNudmVCQ", "expire_date": "2021-02-01T05:34:24.108Z"}}, {"model": "sessions.session", "pk": "tbvpx0uoxfa4i0zurhf06p2unabsdyrb", "fields": {"session_data": ".eJxVjEEOwiAQRe_CuiFDpy3g0r1nIAMMUjWQlHZlvLs26cJu_3vvv4Wjbc1ua7y4OYqLQNH9b57Ck8sO4oPKvcpQy7rMXu6KPGiTtxr5dT3c00Gmln81UUKtwCjPkVCj7Zk0YwTD2nhlYQIYTM8AqMEnNoOaRhuSSqNl4iA-X91uN80:1l0oJu:K2DseNK4e2s9_mpH8JUkQjGDwFiRzFXdJQCwD1olA2k", "expire_date": "2021-01-30T16:20:58.019Z"}}, {"model": "sessions.session", "pk": "xkzvmugg8roibscflvje89i1o2d4qp5w", "fields": {"session_data": ".eJxVjDsOwjAQBe_iGlmOvwklPWewdu1dHEC2FCcV4u4QKQW0b2beS0TY1hK3TkucsziLQZx-N4T0oLqDfId6azK1ui4zyl2RB-3y2jI9L4f7d1Cgl28NaCmB5skaSoqC88SAI2utPFhrdVA5DClzYMNOjWjBs-NgfEajJy_eHwc-OGQ:1l1knv:S8zyy_hJlynKyEHMSmujmBoRlsQGfgRnYf8UZ9uZMMc", "expire_date": "2021-02-02T06:47:51.815Z"}}, {"model": "app.customer", "pk": 1, "fields": {"user": 1, "name": "Admin", "locality": "Lalpur", "city": "Ranchi", "zipcode": 829856, "state": "Jharkhand"}}, {"model": "app.customer", "pk": 2, "fields": {"user": 2, "name": "Sonam Sharma", "locality": "", "city": "Dhanbad", "zipcode": 895465, "state": "Jharkhand"}}, {"model": "app.customer", "pk": 3, "fields": {"user": 3, "name": "Sahil", "locality": "Hirapur", "city": "Dhanbad", "zipcode": 826001, "state": "Jharkhand"}}, {"model": "app.customer", "pk": 4, "fields": {"user": 3, "name": "Sahil Aloti", "locality": "Chas", "city": "Bokaro", "zipcode": 876578, "state": "Jharkhand"}}, {"model": "app.customer", "pk": 5, "fields": {"user": 3, "name": "Jiya", "locality": "Railway Colony", "city": "Dhanbad", "zipcode": 876567, "state": "Jharkhand"}}, {"model": "app.customer", "pk": 6, "fields": {"user": 6, "name": "Demo", "locality": "Demo", "city": "Demo", "zipcode": 736456, "state": "Jharkhand"}}, {"model": "app.product", "pk": 1, "fields": {"title": "TShirt 1", "selling_price": 400.0, "discounted_price": 300.0, "description": "This is good quality tshirt", "brand": "Safira", "category": "TW", "product_image": "productimg/tw1.jpg"}}, {"model": "app.product", "pk": 2, "fields": {"title": "Tshirt 2", "selling_price": 500.0, "discounted_price": 300.0, "description": "This is nice TShirt", "brand": "Safira", "category": "TW", "product_image": "productimg/tw2.jpg"}}, {"model": "app.product", "pk": 3, "fields": {"title": "TShirt 3", "selling_price": 600.0, "discounted_price": 450.0, "description": "Nice TShirt", "brand": "Bajaj", "category": "TW", "product_image": "productimg/tw3.jpg"}}, {"model": "app.product", "pk": 4, "fields": {"title": "T Shirt 4", "selling_price": 900.0, "discounted_price": 700.0, "description": "Nice TShirt hai", "brand": "Bajaj", "category": "TW", "product_image": "productimg/tw4.jpg"}}, {"model": "app.product", "pk": 5, "fields": {"title": "TShirt 5", "selling_price": 400.0, "discounted_price": 250.0, "description": "Good Tshirt", "brand": "Bajaj", "category": "TW", "product_image": "productimg/tw5.jpg"}}, {"model": "app.product", "pk": 6, "fields": {"title": "TShirt 6", "selling_price": 300.0, "discounted_price": 150.0, "description": "Good tshirt", "brand": "Safira", "category": "TW", "product_image": "productimg/tw6.jpg"}}, {"model": "app.product", "pk": 7, "fields": {"title": "T Shirt 7", "selling_price": 650.0, "discounted_price": 320.0, "description": "Nice TShirt", "brand": "Safira", "category": "TW", "product_image": "productimg/tw7.jpg"}}, {"model": "app.product", "pk": 8, "fields": {"title": "Girl Top", "selling_price": 400.0, "discounted_price": 350.0, "description": "Nice", "brand": "Safira", "category": "TW", "product_image": "productimg/tw8.jpg"}}, {"model": "app.product", "pk": 9, "fields": {"title": "Jeans 1", "selling_price": 700.0, "discounted_price": 390.0, "description": "Nice Jeans", "brand": "Lee", "category": "BW", "product_image": "productimg/bw1.jpg"}}, {"model": "app.product", "pk": 10, "fields": {"title": "Jeans 2", "selling_price": 650.0, "discounted_price": 360.0, "description": "Good Jeans", "brand": "Lee", "category": "BW", "product_image": "productimg/bw2.jpg"}}, {"model": "app.product", "pk": 11, "fields": {"title": "Jeans 3", "selling_price": 600.0, "discounted_price": 550.0, "description": "Nice Jeans", "brand": "Lee", "category": "BW", "product_image": "productimg/bw3.jpg"}}, {"model": "app.product", "pk": 12, "fields": {"title": "Jeans 4", "selling_price": 900.0, "discounted_price": 800.0, "description": "Good Quality Jeans", "brand": "Spykar", "category": "BW", "product_image": "productimg/bw4.jpg"}}, {"model": "app.product", "pk": 13, "fields": {"title": "Jeans 5", "selling_price": 700.0, "discounted_price": 450.0, "description": "Nice Jeans", "brand": "Spykar", "category": "BW", "product_image": "productimg/bw5.jpg"}}, {"model": "app.product", "pk": 14, "fields": {"title": "Jeans 6", "selling_price": 600.0, "discounted_price": 305.0, "description": "Good Jeans", "brand": "Lee", "category": "BW", "product_image": "productimg/bw6.jpg"}}, {"model": "app.product", "pk": 15, "fields": {"title": "Redmi Pro 2", "selling_price": 15000.0, "discounted_price": 13999.0, "description": "Nice Mobile", "brand": "Redmi", "category": "M", "product_image": "productimg/m1.jpg"}}, {"model": "app.product", "pk": 16, "fields": {"title": "Redmi Pro 3", "selling_price": 6999.0, "discounted_price": 4999.0, "description": "Good Mobile with Camera", "brand": "Redmi", "category": "M", "product_image": "productimg/m2.jpg"}}, {"model": "app.product", "pk": 17, "fields": {"title": "Samsung NT 2", "selling_price": 14999.0, "discounted_price": 10999.0, "description": "Good Mobile", "brand": "Samsung", "category": "M", "product_image": "productimg/m3.jpg"}}, {"model": "app.product", "pk": 18, "fields": {"title": "Samsung Pro 4", "selling_price": 5999.0, "discounted_price": 3999.0, "description": "Nice Mobile with 6 GB RAM", "brand": "Samsung", "category": "M", "product_image": "productimg/m4.jpg"}}, {"model": "app.product", "pk": 19, "fields": {"title": "Redmi 7", "selling_price": 7999.0, "discounted_price": 2999.0, "description": "Redmi Mobile Cheap", "brand": "Redmi", "category": "M", "product_image": "productimg/m5.jpg"}}, {"model": "app.product", "pk": 20, "fields": {"title": "Redmi 9", "selling_price": 8999.0, "discounted_price": 1999.0, "description": "Good Mobile", "brand": "Redmi", "category": "M", "product_image": "productimg/m6.jpg"}}, {"model": "app.product", "pk": 21, "fields": {"title": "Samsung J 2", "selling_price": 8999.0, "discounted_price": 5999.0, "description": "Nice Mobile", "brand": "Samsung", "category": "M", "product_image": "productimg/m7.jpg"}}, {"model": "app.cart", "pk": 66, "fields": {"user": 5, "product": 9, "quantity": 2}}, {"model": "app.orderplaced", "pk": 33, "fields": {"user": 1, "customer": 1, "product": 10, "quantity": 1, "ordered_date": "2021-01-18T12:42:16.658Z", "status": "Cancel"}}, {"model": "app.orderplaced", "pk": 34, "fields": {"user": 1, "customer": 1, "product": 3, "quantity": 1, "ordered_date": "2021-01-18T12:42:16.668Z", "status": "Delivered"}}, {"model": "app.orderplaced", "pk": 35, "fields": {"user": 3, "customer": 3, "product": 12, "quantity": 1, "ordered_date": "2021-01-19T05:00:35.463Z", "status": "Pending"}}, {"model": "app.orderplaced", "pk": 36, "fields": {"user": 3, "customer": 5, "product": 10, "quantity": 2, "ordered_date": "2021-01-19T05:01:59.336Z", "status": "Pending"}}, {"model": "app.orderplaced", "pk": 37, "fields": {"user": 1, "customer": 1, "product": 11, "quantity": 1, "ordered_date": "2021-01-19T08:29:25.356Z", "status": "Pending"}}, {"model": "app.orderplaced", "pk": 38, "fields": {"user": 1, "customer": 1, "product": 10, "quantity": 1, "ordered_date": "2021-01-19T08:33:12.208Z", "status": "Pending"}}, {"model": "app.orderplaced", "pk": 39, "fields": {"user": 3, "customer": 4, "product": 12, "quantity": 1, "ordered_date": "2021-01-19T09:16:25.319Z", "status": "Pending"}}, {"model": "app.orderplaced", "pk": 40, "fields": {"user": 1, "customer": 1, "product": 6, "quantity": 2, "ordered_date": "2021-01-19T15:28:49.931Z", "status": "Pending"}}, {"model": "app.orderplaced", "pk": 41, "fields": {"user": 1, "customer": 1, "product": 5, "quantity": 1, "ordered_date": "2021-01-19T15:28:49.945Z", "status": "Pending"}}]